{
    "period": "1996_1999",
    "r2": -484.32733042581,
    "rmse": 0.8098425138613522,
    "coefficients": {
        "Housing Starts": -0.08304520772405102,
        "House Prices": 0.10722977044171089,
        "PRFI": -0.8008879467128875,
        "PPI": 0.111432072336709,
        "Population": 0.26010225346495586,
        "DPI": -0.22180199066961562,
        "Mortgage Rate": 0.30286888949013563,
        "GDP": 0.41218267982083234,
        "Unemployment": 0.0979820741667225,
        "CPI": 0.3729657057590834
    },
    "component_analysis": {
        "component_1": {
            "loads": {
                "Housing Starts": -0.07450482497916011,
                "House Prices": -0.10458330240619314,
                "PRFI": 0.1128683791070522,
                "PPI": 0.12319042596325969,
                "Population": 0.4540615793934291,
                "DPI": -0.11749899144482329,
                "Mortgage Rate": 0.9191553231916255,
                "GDP": 0.09299608803911627,
                "Unemployment": -0.08422498490324844,
                "CPI": 0.050883835603726155
            },
            "significant_factors": {
                "Population": 0.4540615793934291,
                "Mortgage Rate": 0.9191553231916255
            },
            "explained_variance": 0.24426099853788064
        },
        "component_2": {
            "loads": {
                "Housing Starts": -0.23779011686912188,
                "House Prices": 0.5828073750460371,
                "PRFI": -0.4159349807898828,
                "PPI": 0.678595078031932,
                "Population": -1.50046970281332,
                "DPI": -0.09971450390026079,
                "Mortgage Rate": 0.360785553111002,
                "GDP": -0.08444180160869987,
                "Unemployment": 0.36477363962413617,
                "CPI": 0.5105215160237095
            },
            "significant_factors": {
                "House Prices": 0.5828073750460371,
                "PRFI": -0.4159349807898828,
                "PPI": 0.678595078031932,
                "Population": -1.50046970281332,
                "Mortgage Rate": 0.360785553111002,
                "Unemployment": 0.36477363962413617,
                "CPI": 0.5105215160237095
            },
            "explained_variance": 0.5165610522623038
        },
        "component_3": {
            "loads": {
                "Housing Starts": -0.2202968667167169,
                "House Prices": -0.05700930549616689,
                "PRFI": -0.21708293855364177,
                "PPI": -0.3029713630681639,
                "Population": 0.8749665514168681,
                "DPI": -0.08424213914881944,
                "Mortgage Rate": -0.4136516048174217,
                "GDP": 0.07083573813968273,
                "Unemployment": -0.15135815511549605,
                "CPI": -0.13487586325211257
            },
            "significant_factors": {
                "Population": 0.8749665514168681,
                "Mortgage Rate": -0.4136516048174217
            },
            "explained_variance": 0.7686586451421082
        }
    }
}