{
    "period": "1996_1999",
    "r2": 0.9765402163361377,
    "rmse": 0.0049066066083615235,
    "coefficients": {
        "PC1": 0.010755159491424197,
        "PC2": 0.014597538849962448,
        "PC3": -0.005458819802478593,
        "PC4": -0.00783951956935085
    },
    "n_components": {
        "Supply": 4,
        "Demand": 4,
        "Market": 2
    },
    "actual": {
        "HAI": {
            